teresadepeche,1520194319.0
_83607_,1520194384.0
Balsa_17,1520194752.0
Dani_Fabra,1520194795.0
superzotax,1520194820.0
jordievole,1520194842.0
salvadostv,1520194889.0
OvidioRodeiro,1520194961.0
SergioB54633002,1520194980.0
jvep,1520194994.0
TonyaVA8,1520195049.0
mosky80,1520195136.0
abuelarebelde1,1520195184.0
DReinero,1520195189.0
musiqueta51,1520195198.0
ccarbaiedo,1520195235.0
buenaventura110,1520195238.0
laSextaTV,1520195284.0
sextaNoticias,1520195289.0
KaDevesa,1520195293.0
chiquihammer,1520195310.0
prazapublica,1520195321.0
MariaGB32242183,1520195327.0
denisfmendez,1520195359.0
SalvareSiempre,1520195359.0
maripax62,1520195375.0
manuel_becerrea,1520195388.0
SeijoDani,1520195390.0
AntonioBelloRib,1520195390.0
Ricardobp83,1520195392.0
Lidiaroguz,1520195394.0
fer2365,1520195405.0
rcko3,1520195425.0
Padiva_,1520195431.0
Manuela34537619,1520195433.0
JL_SR2015,1520195443.0
celsiuspictor,1520195457.0
Z12_Antonio,1520195478.0
alexnunez87,1520195479.0
blogsJusticia,1520195488.0
pabloruizbcn,1520195543.0
Sentid2016Comun,1520195554.0
FdezMariola,1520195559.0
_Juan__A,1520195561.0
Virginia_Otis,1520195567.0
NikoDimitratos,1520195579.0
La_Chimol,1520195590.0
marcosobes,1520195613.0
anton_escuredo,1520195619.0
soaak,1520195623.0
delia_esperante,1520195624.0
2011pau,1520195627.0
alternativaxus,1520195630.0
ISMVALSyR,1520195636.0
CamelloDeRivera,1520195636.0
LauBoom,1520195636.0
Oscarual,1520195641.0
mrswallace87,1520195665.0
gelpad,1520195677.0
paumonterros,1520195679.0
Alber_380,1520195680.0
anamirandapaz,1520195681.0
EvaJardn,1520195686.0
velajimenez69,1520195696.0
garciahidalgo71,1520195705.0
ROSAMARABEZ,1520195706.0
carmesarra,1520195712.0
luciapitelhuert,1520195716.0
Pilar08065495,1520195717.0
dlmoral,1520195720.0
carolacaracola5,1520195727.0
FcoPecharroman,1520195729.0
alegrejesus2,1520195732.0
claudiamoran90,1520195733.0
RoxxiMoon,1520195736.0
anasm7692,1520195740.0
alienspo,1520195743.0
EncarnacinHere1,1520195744.0
IneditaInes,1520195747.0
Cazatalentos,1520195753.0
Arantxi87,1520195754.0
iriaenlanube,1520195758.0
pinelkike,1520195758.0
colorady2015,1520195761.0
JacintaLaPunky,1520195762.0
Kaesar14,1520195762.0
lovelymessy,1520195765.0
Cadizf0rnian0,1520195769.0
xandraceltia,1520195772.0
decea_victor,1520195773.0
DINGO40378066,1520195773.0
AlfredoMayfer63,1520195776.0
montsegfer,1520195779.0
tiglesias28,1520195781.0
PenelopeAYAS,1520195802.0
everian777,1520195805.0
protestona1,1520195806.0
YameCanseya,1520195808.0
PerkinsUnknown,1520195820.0
AnaArizaga,1520195823.0
stellamaris13,1520195827.0
bedmar_pere,1520195839.0
redskin19633,1520195847.0
baires1965,1520195850.0
joamma,1520195858.0
MikiMayan,1520195858.0
CieloGuijarro,1520195859.0
carlosquiven,1520195866.0
erjubilao,1520195882.0
Francis98204014,1520195885.0
EduCGalvan,1520195885.0
Mrequeixoarnexo,1520195886.0
caval100,1520195886.0
matagalbanas,1520195906.0
NBAMaria38,1520195909.0
QVEF_Islote_Per,1520195910.0
einrucken,1520195913.0
CreesQueSoyGili,1520195913.0
JosePePeRosales,1520195914.0
FarinaRebo,1520195915.0
cortesangelama,1520195915.0
PallejaAlter,1520195919.0
JmRR37262132,1520195921.0
AxturCelta,1520195924.0
MaragallBCN,1520195925.0
sempre64,1520195931.0
mariadenines4,1520195938.0
Holdenska,1520195941.0
GalizaMarco,1520195941.0
jf_jutomo,1520195942.0
AndresM213,1520195955.0
anam4g4,1520195960.0
JrealJavireal,1520195960.0
MaryJurjo,1520195967.0
Logaritmo15,1520195970.0
altoba1965,1520195970.0
MomparlerTo,1520195973.0
RdukeRuben,1520195975.0
MarnPaz,1520195979.0
MarineroGracia,1520195986.0
AlieNomPuto,1520195994.0
rojacolorada,1520195995.0
matteofotograf,1520196010.0
anareypaz,1520196010.0
mrosonf,1520196012.0
cristina_papin,1520196013.0
mgarpaz3,1520196014.0
SoniaCalo6,1520196016.0
reyherrerah,1520196018.0
NuevaRevoluci0n,1520196025.0
Carolyalgomas,1520196028.0
quinbroquil,1520196032.0
publico_es,1520196033.0
LaperrinaChispi,1520196035.0
LijoDavila,1520196036.0
Lorenescfan,1520196042.0
cleosagas1,1520196043.0
DePunteirolo,1520196048.0
mjoslozano,1520196051.0
RamonTaraz,1520196055.0
homopestis,1520196061.0
David_sand_,1520196067.0
IMPECABLE10,1520196073.0
montse71vt,1520196073.0
0d5909f1f9a4455,1520196076.0
Kela_la_la,1520196082.0
liverpooldavidm,1520196092.0
wase95,1520196099.0
Alex_garcia_5,1520196105.0
maslibroz,1520196106.0
sinohodicrebent,1520196109.0
AndrewBlasco,1520196131.0
JimaguaryConchi,1520196151.0
SoyAbuelitaPaz,1520196151.0
geluniet,1520196185.0
Martagerman,1520196186.0
chispa34720356,1520196186.0
pedrovqg,1520196190.0
NinePazG,1520196203.0
tucofreire,1520196206.0
SedeMafia,1520196207.0
MnicaMollina,1520196210.0
Guille1325,1520196224.0
olordelluvia,1520196226.0
BaltarPadre,1520196232.0
Berkhl,1520196235.0
IsabelQuintansR,1520196237.0
Paisdeladrones,1520196241.0
21_couto,1520196247.0
ginestarros,1520196248.0
falandeiro,1520196250.0
miraclor78,1520196256.0
MariaTenorio17,1520196267.0
jose_elrubio54,1520196267.0
Fantomasmma,1520196276.0
pilarpivaro,1520196281.0
Carlota2302,1520196281.0
QuintansMontero,1520196290.0
MariFlequis,1520196297.0
librevioleta,1520196298.0
lucy96lugo,1520196300.0
palaciosleon,1520196306.0
veranoaz,1520196308.0
CloeStein,1520196310.0
Yemanjauno,1520196316.0
Ruben288397261,1520196319.0
javifergavilan,1520196321.0
ToledoFranc,1520196339.0
CaoWenToh,1520196352.0
Sur_sum_corda,1520196363.0
kikupipo,1520196365.0
ney673,1520196376.0
Vania024,1520196381.0
solounahormiga,1520196382.0
elcolla,1520196384.0
jmcorpas,1520196391.0
Kitiara76,1520196395.0
pilar212121,1520196397.0
haize_m,1520196402.0
PanPanizo,1520196405.0
KikeMlaga,1520196408.0
reginadorubia,1520196412.0
mpilarita4121,1520196413.0
tono58,1520196419.0
FunInFvneral,1520196423.0
BMOLOTOV,1520196441.0
XaviwinXavi,1520196445.0
sara_te,1520196467.0
monograficotwit,1520196478.0
Gilianxy,1520196478.0
Sufridor361,1520196479.0
soniabouzas,1520196479.0
PP_Redes,1520196482.0
pedro_cordob,1520196483.0
afrodi123,1520196495.0
FinMata,1520196499.0
kazan_leo,1520196508.0
antia_varona,1520196522.0
kakanariu,1520196523.0
savanana05,1520196524.0
filete12,1520196527.0
noeliAcedo,1520196528.0
RusoMikel,1520196539.0
curra737,1520196541.0
foneldelmonton,1520196544.0
rafagutterrnan,1520196545.0
MargaPerez14,1520196546.0
SteffyMcewan,1520196550.0
javierfagreda,1520196549.0
Piruletadementa,1520196550.0
manubertran10,1520196554.0
panditalibre,1520196558.0
rauldeprado,1520196570.0
analogicarosa,1520196574.0
joanlluis,1520196578.0
AdrianMrV,1520196580.0
ppgvig,1520196583.0
nedjar62,1520196585.0
dianaagra,1520196586.0
LeonNMR,1520196586.0
cris_92,1520196589.0
ImperioCastilla,1520196610.0
Klandestinna,1520196617.0
alugris,1520196618.0
ToGallego,1520196623.0
JulianPGarrote,1520196623.0
OteroBJA,1520196626.0
AdrianPineiroFM,1520196634.0
fransoyu,1520196651.0
YolandaCorgo,1520196653.0
mcris_rn,1520196659.0
jmmanuel103,1520196662.0
esteren3onidos,1520196667.0
Galatinas,1520196679.0
isaprospe,1520196683.0
psilvarico,1520196687.0
ocerdeiro,1520196702.0
Isladelaliberta,1520196719.0
Adelita49455612,1520196735.0
Alejandra851976,1520196737.0
Nria00123259,1520196743.0
laraaggr,1520196754.0
maria_mariht,1520196760.0
xiscorana,1520196761.0
Patry_Makoto,1520196786.0
prespiputa,1520196786.0
andresnosenada,1520196791.0
cazamedrentes,1520196807.0
Laurochis_,1520196812.0
junoiratxe,1520196813.0
Soylagemma,1520196825.0
paulapra2,1520196831.0
SusoMonR,1520196839.0
LoLlamanCrisis,1520196843.0
verdes_brotes,1520196847.0
menudotiarro,1520196850.0
mestherplaza,1520196854.0
SocialMaresme,1520196854.0
martomorillo,1520196857.0
nunegzsc,1520196862.0
RaquelR_R,1520196862.0
Rosablanca1965,1520196878.0
bsecadesfdez,1520196887.0
jorgenavasalejo,1520196890.0
PatriziaF2,1520196893.0
colladov61,1520196894.0
Asunpaju4,1520196919.0
EinarJavier,1520196919.0
ceciliaencina,1520196946.0
aangelesrubio,1520196974.0
manoli99999,1520196980.0
EncarnaAmigoSER,1520196981.0
piribia,1520196990.0
brandydh22,1520196993.0
Javieroncete,1520197004.0
Limonchuh,1520197007.0
FranGallRuiz,1520197010.0
melordui,1520197019.0
oslopez61,1520197023.0
auroracanizares,1520197023.0
Marta_MPL,1520197028.0
irailazken,1520197060.0
jltosco,1520197069.0
Maysu69,1520197072.0
EKo5691,1520197076.0
RafiteTristan,1520197110.0
araceli_redal,1520197112.0
karla_guillan,1520197131.0
miaulunaaa,1520197139.0
Beautfleur1,1520197143.0
lerma_rey,1520197148.0
perezmuriana1,1520197150.0
palimoka,1520197152.0
rafaela_romero,1520197160.0
Apedirjusticia1,1520197161.0
pabal19,1520197175.0
h_rabunal,1520197180.0
4444isa,1520197181.0
RepixPix,1520197184.0
KarimDiaz,1520197195.0
MCteloARDILA,1520197212.0
juansouGZ,1520197228.0
madevate,1520197240.0
merijoe_est,1520197241.0
turminder_xuss,1520197258.0
azukikiyo,1520197262.0
alhambra28028,1520197266.0
mire_palenzuela,1520197279.0
Danko1210,1520197289.0
rojo_fuertes,1520197297.0
nereaastwittah,1520197301.0
CultBetanceira,1520197346.0
folguista,1520197358.0
pepito_grillo55,1520197395.0
manuelcalle23,1520197399.0
7albatros,1520197403.0
muhammadgalian,1520197406.0
trotu_tortuga,1520197415.0
elTermostato,1520197415.0
Raquel_Laia,1520197448.0
margaritaport10,1520197453.0
soniapillado70,1520197454.0
FatimaDelOlmo,1520197471.0
purpureamemoria,1520197478.0
rafter_cd,1520197494.0
ferrermonica,1520197505.0
AuroCantero,1520197518.0
Crisbb96,1520197520.0
VientosOrihuela,1520197524.0
Nuri10137949,1520197525.0
nalalop,1520197547.0
bpgem,1520197552.0
RojaRojae,1520197558.0
libertas3800,1520197560.0
SubversR,1520197563.0
carmigencar,1520197575.0
anagago2001,1520197579.0
maryaboal,1520197588.0
agavidal,1520197591.0
NACHOVETMD,1520197591.0
PilarVaqueroV,1520197592.0
andres_cartero,1520197607.0
tifanni9,1520197607.0
surativega,1520197608.0
MarcLesan,1520197609.0
MarineR14350419,1520197623.0
albertmaruny,1520197637.0
AnovaPontevedra,1520197645.0
miguecotrino,1520197656.0
belindassoy,1520197666.0
AsambleaVirtual,1520197671.0
MaestroFulardo,1520197680.0
manza3983,1520197682.0
BlitzkriegBone,1520197686.0
OPoyF,1520197700.0
arnau_borras,1520197739.0
RosaPulido6,1520197742.0
Xielox1,1520197749.0
AlejandroRicas,1520197759.0
enmego,1520197776.0
Chibs_Sire,1520197792.0
maitegalega,1520197806.0
AnaPerezMartin,1520197822.0
FaluaRo,1520197833.0
BegoLaserna,1520197852.0
StalinDuro,1520197883.0
demigueldiaz,1520197886.0
madrenovelera,1520197888.0
jesusrubio111,1520197900.0
MariaAlmudena17,1520197914.0
RomanSeixo,1520197914.0
salvemoscabana,1520197935.0
walon716,1520197937.0
Hermogenesconh1,1520197945.0
paquicg7,1520197951.0
Mari_Sol_GH,1520197975.0
breadfan33,1520197977.0
marpilcor,1520197978.0
mikkipolini,1520197980.0
sdomenechmiguel,1520197990.0
danieldlgu,1520197994.0
montsemolin,1520198000.0
marcosferro14,1520198011.0
MarBcn04,1520198014.0
Aycarmelafg,1520198024.0
fernandofaucha,1520198039.0
unamillaunpaso,1520198059.0
Varanya777,1520198061.0
AlexCedron,1520198065.0
troyana25,1520198066.0
AngryGalician,1520198081.0
aldiaes,1520198117.0
nanuk60,1520198125.0
pintax99,1520198133.0
patrimarly,1520198137.0
jaumesol,1520198176.0
kaluapiscis,1520198216.0
Chapuhanso,1520198233.0
begonys,1520198236.0
MarCarballas,1520198248.0
SanRGalafate,1520198255.0
RamirezSote,1520198269.0
etelos_,1520198289.0
andresantosgago,1520198293.0
esthersoyyo,1520198306.0
YoCambio20D,1520198319.0
BarbaFrancisco,1520198329.0
ysgaso,1520198330.0
Vitoquive,1520198332.0
JohnnyWTF_max,1520198339.0
MarcaEspaa1,1520198341.0
uxiayeva,1520198356.0
villaviridisdh,1520198365.0
Nemesiswings,1520198367.0
LauraPalmerT,1520198372.0
cppu04,1520198397.0
papuemi,1520198416.0
hachepesar,1520198427.0
HernandoIrene,1520198431.0
RafaelDeLucasQ1,1520198449.0
juancocinillas,1520198458.0
Davader09R,1520198467.0
hadita85,1520198473.0
AlfredKala,1520198481.0
lourdesobrull,1520198484.0
VayekanadeAlba,1520198488.0
Malakarenovatio,1520198538.0
bmx4ever,1520198548.0
claudiarivero00,1520198564.0
abeijon47,1520198581.0
KOURTNEY9863895,1520198583.0
Gassanyya,1520198589.0
silversampler,1520198620.0
AnaMariaVieru,1520198622.0
ALF_2000,1520198658.0
clvor,1520198667.0
juliacl60,1520198680.0
RAFAELLEALSALAZ,1520198697.0
mobilitzada,1520198702.0
boniteiro,1520198711.0
ccallegil,1520198727.0
JacoboChoren,1520198734.0
67redax,1520198747.0
Mirito_estevo,1520198776.0
Igimenma,1520198792.0
CambiaLogrono,1520198845.0
fatimar56,1520198849.0
ALICIABARBA7,1520198858.0
jlmolpeceresn,1520198882.0
seluirodriguez,1520198925.0
ConchaCeballos1,1520198929.0
20campy,1520198940.0
Joseant56346744,1520198994.0
P_AlicanteOeste,1520199018.0
MLCabezuelo,1520199044.0
chulita1212,1520199077.0
Maryluz1008,1520199079.0
jsobro79,1520199117.0
capadociados,1520199163.0
cadenise79,1520199265.0
